{"cameraMode":{"drawMode":0,"name":"Shaded","section":"Shading Mode"},"sceneLighting":false,"audioPlay":false,"sceneViewState":{"m_AlwaysRefresh":false,"showFog":true,"showSkybox":false,"showFlares":true,"showImageEffects":true,"showParticleSystems":true,"showVisualEffectGraphs":true,"m_FxEnabled":false},"in2DMode":false,"pivot":{"x":5.960464477539063e-8,"y":0.5934890508651733,"z":-0.045791685581207278},"rotation":{"x":0.16965673863887788,"y":-0.7909542918205261,"z":0.25275033712387087,"w":0.5308491587638855},"size":1.8577255010604859,"orthographic":false}