{"cameraMode":{"drawMode":0,"name":"Shaded","section":"Shading Mode"},"sceneLighting":true,"audioPlay":false,"sceneViewState":{"m_AlwaysRefresh":false,"showFog":true,"showSkybox":true,"showFlares":true,"showImageEffects":true,"showParticleSystems":true,"showVisualEffectGraphs":true,"m_FxEnabled":false},"in2DMode":false,"pivot":{"x":-0.9980835914611816,"y":0.8343973159790039,"z":1.9359216690063477},"rotation":{"x":0.16965673863887788,"y":-0.7909542918205261,"z":0.25275033712387087,"w":0.5308491587638855},"size":8.908683776855469,"orthographic":false}